quarter,n,defaults,observed_rate,predicted_rate,expected_defaults,expected_variance,oe_ratio,lower_95_defaults,upper_95_defaults,within_95_interval,adequate_count,observed_rate_ci_low,observed_rate_ci_high
2022Q1,991,92,0.09283551967709384,0.08007966726342958,79.35895025805871,63.921238728962884,1.1592895281607838,63.68860148398276,95.02929903213467,True,True,0.07630619264982043,0.11250927855437053
2022Q2,1001,83,0.08291708291708291,0.07723979479515002,77.31703458994517,62.494999691480395,1.073502112958609,61.82249391218414,92.81157526770619,True,True,0.06738712691290412,0.1016360133345376
2022Q3,1065,101,0.09483568075117371,0.08314645033583169,88.55096960766075,70.51973014793174,1.1405860426768524,72.09166842758951,105.01027078773198,True,True,0.07866688739836522,0.11391682754080754
2022Q4,1028,95,0.09241245136186771,0.08140369896919333,83.68300254033075,66.07140837726166,1.1352365129850004,67.75127562759187,99.61472945306963,True,True,0.07619424063483621,0.11166549029925343
