feature,psi,signal
fico_score,0.051489045232331554,stable
ltv,0.10701801997845106,watch
dti,0.05814505868462063,stable
interest_rate,2.5282198964919704,material
unemployment_rate,1.2834748382902217,material
hpi_yoy_change,2.5997711585717855,material
predicted_pd,0.33828735256008813,material
